<?xml version="1.0" encoding="UTF-8"?>
<project-private xmlns="http://www.netbeans.org/ns/project-private/1">
    <editor-bookmarks xmlns="http://www.netbeans.org/ns/editor-bookmarks/2" lastBookmarkId="0"/>
    <open-files xmlns="http://www.netbeans.org/ns/projectui-open-files/2">
        <group>
            <file>file:/C:/Users/Yohanes%20Dwiki%20Witman/Desktop/TUGAS_BESAR_C_KELOMPOK_04/PROJECT_TB_C_KELOMPOK_04/src/controller/AdminCtrl.java</file>
            <file>file:/C:/Users/Yohanes%20Dwiki%20Witman/Desktop/TUGAS_BESAR_C_KELOMPOK_04/PROJECT_TB_C_KELOMPOK_04/src/controller/PetugasCtrl.java</file>
            <file>file:/C:/Users/Yohanes%20Dwiki%20Witman/Desktop/TUGAS_BESAR_C_KELOMPOK_04/PROJECT_TB_C_KELOMPOK_04/src/view/FormTiket.java</file>
            <file>file:/C:/Users/Yohanes%20Dwiki%20Witman/Desktop/TUGAS_BESAR_C_KELOMPOK_04/PROJECT_TB_C_KELOMPOK_04/src/model/dao/TiketDAO.java</file>
            <file>file:/C:/Users/Yohanes%20Dwiki%20Witman/Desktop/TUGAS_BESAR_C_KELOMPOK_04/PROJECT_TB_C_KELOMPOK_04/src/view/FormAdmin.java</file>
        </group>
    </open-files>
</project-private>
